aa,C:\Users\admin\Desktop\CPE 582\PaperPreProcessing\NLP_TermPaper\15auths\aa\aa_01_1.txt
aa,C:\Users\admin\Desktop\CPE 582\PaperPreProcessing\NLP_TermPaper\15auths\aa\aa_02_1_2.txt
aa,C:\Users\admin\Desktop\CPE 582\PaperPreProcessing\NLP_TermPaper\15auths\aa\aa_03_2.txt
aa,C:\Users\admin\Desktop\CPE 582\PaperPreProcessing\NLP_TermPaper\15auths\aa\aa_04_2.txt
aa,C:\Users\admin\Desktop\CPE 582\PaperPreProcessing\NLP_TermPaper\15auths\aa\aa_05_2.txt
aa,C:\Users\admin\Desktop\CPE 582\PaperPreProcessing\NLP_TermPaper\15auths\aa\aa_06_2_3.txt
aa,C:\Users\admin\Desktop\CPE 582\PaperPreProcessing\NLP_TermPaper\15auths\aa\aa_07_3_4.txt
aa,C:\Users\admin\Desktop\CPE 582\PaperPreProcessing\NLP_TermPaper\15auths\aa\aa_08_4.txt
aa,C:\Users\admin\Desktop\CPE 582\PaperPreProcessing\NLP_TermPaper\15auths\aa\aa_09_4.txt
aa,C:\Users\admin\Desktop\CPE 582\PaperPreProcessing\NLP_TermPaper\15auths\aa\aa_10_4.txt
aa,C:\Users\admin\Desktop\CPE 582\PaperPreProcessing\NLP_TermPaper\15auths\aa\aa_11_4.txt
aa,C:\Users\admin\Desktop\CPE 582\PaperPreProcessing\NLP_TermPaper\15auths\aa\aa_12_4_5.txt
aa,C:\Users\admin\Desktop\CPE 582\PaperPreProcessing\NLP_TermPaper\15auths\aa\aa_13_5_6.txt
aa,C:\Users\admin\Desktop\CPE 582\PaperPreProcessing\NLP_TermPaper\15auths\aa\aa_14_6.txt
,C:\Users\admin\Desktop\CPE 582\PaperPreProcessing\NLP_TermPaper\15auths\aa\aa_stop_obfuscated.txt
b,C:\Users\admin\Desktop\CPE 582\PaperPreProcessing\NLP_TermPaper\15auths\b\b_01_1.txt
b,C:\Users\admin\Desktop\CPE 582\PaperPreProcessing\NLP_TermPaper\15auths\b\b_02_1.txt
b,C:\Users\admin\Desktop\CPE 582\PaperPreProcessing\NLP_TermPaper\15auths\b\b_03_1_2.txt
b,C:\Users\admin\Desktop\CPE 582\PaperPreProcessing\NLP_TermPaper\15auths\b\b_04_2.txt
b,C:\Users\admin\Desktop\CPE 582\PaperPreProcessing\NLP_TermPaper\15auths\b\b_05_2.txt
b,C:\Users\admin\Desktop\CPE 582\PaperPreProcessing\NLP_TermPaper\15auths\b\b_06_2.txt
b,C:\Users\admin\Desktop\CPE 582\PaperPreProcessing\NLP_TermPaper\15auths\b\b_07_2.txt
b,C:\Users\admin\Desktop\CPE 582\PaperPreProcessing\NLP_TermPaper\15auths\b\b_08_2.txt
b,C:\Users\admin\Desktop\CPE 582\PaperPreProcessing\NLP_TermPaper\15auths\b\b_09_2_3.txt
b,C:\Users\admin\Desktop\CPE 582\PaperPreProcessing\NLP_TermPaper\15auths\b\b_10_3_4.txt
b,C:\Users\admin\Desktop\CPE 582\PaperPreProcessing\NLP_TermPaper\15auths\b\b_11_4.txt
b,C:\Users\admin\Desktop\CPE 582\PaperPreProcessing\NLP_TermPaper\15auths\b\b_12_4.txt
b,C:\Users\admin\Desktop\CPE 582\PaperPreProcessing\NLP_TermPaper\15auths\b\b_13_4.txt
b,C:\Users\admin\Desktop\CPE 582\PaperPreProcessing\NLP_TermPaper\15auths\b\b_14_4.txt
b,C:\Users\admin\Desktop\CPE 582\PaperPreProcessing\NLP_TermPaper\15auths\b\b_15_4.txt
b,C:\Users\admin\Desktop\CPE 582\PaperPreProcessing\NLP_TermPaper\15auths\b\b_16_4.txt
b,C:\Users\admin\Desktop\CPE 582\PaperPreProcessing\NLP_TermPaper\15auths\b\b_17_4.txt
,C:\Users\admin\Desktop\CPE 582\PaperPreProcessing\NLP_TermPaper\15auths\b\b_stop_obfuscated.txt
bb,C:\Users\admin\Desktop\CPE 582\PaperPreProcessing\NLP_TermPaper\15auths\bb\bb_01_1.txt
bb,C:\Users\admin\Desktop\CPE 582\PaperPreProcessing\NLP_TermPaper\15auths\bb\bb_02_1.txt
bb,C:\Users\admin\Desktop\CPE 582\PaperPreProcessing\NLP_TermPaper\15auths\bb\bb_03_1_2.txt
bb,C:\Users\admin\Desktop\CPE 582\PaperPreProcessing\NLP_TermPaper\15auths\bb\bb_04_2.txt
bb,C:\Users\admin\Desktop\CPE 582\PaperPreProcessing\NLP_TermPaper\15auths\bb\bb_05_2.txt
bb,C:\Users\admin\Desktop\CPE 582\PaperPreProcessing\NLP_TermPaper\15auths\bb\bb_06_2.txt
bb,C:\Users\admin\Desktop\CPE 582\PaperPreProcessing\NLP_TermPaper\15auths\bb\bb_07_2.txt
bb,C:\Users\admin\Desktop\CPE 582\PaperPreProcessing\NLP_TermPaper\15auths\bb\bb_08_2.txt
bb,C:\Users\admin\Desktop\CPE 582\PaperPreProcessing\NLP_TermPaper\15auths\bb\bb_09_2.txt
bb,C:\Users\admin\Desktop\CPE 582\PaperPreProcessing\NLP_TermPaper\15auths\bb\bb_10_2_3.txt
bb,C:\Users\admin\Desktop\CPE 582\PaperPreProcessing\NLP_TermPaper\15auths\bb\bb_11_3.txt
bb,C:\Users\admin\Desktop\CPE 582\PaperPreProcessing\NLP_TermPaper\15auths\bb\bb_12_3_4.txt
bb,C:\Users\admin\Desktop\CPE 582\PaperPreProcessing\NLP_TermPaper\15auths\bb\bb_13_4.txt
bb,C:\Users\admin\Desktop\CPE 582\PaperPreProcessing\NLP_TermPaper\15auths\bb\bb_14_4.txt
bb,C:\Users\admin\Desktop\CPE 582\PaperPreProcessing\NLP_TermPaper\15auths\bb\bb_15_4_5.txt
bb,C:\Users\admin\Desktop\CPE 582\PaperPreProcessing\NLP_TermPaper\15auths\bb\bb_16_5.txt
bb,C:\Users\admin\Desktop\CPE 582\PaperPreProcessing\NLP_TermPaper\15auths\bb\bb_17_5.txt
bb,C:\Users\admin\Desktop\CPE 582\PaperPreProcessing\NLP_TermPaper\15auths\bb\bb_18_5_6.txt
bb,C:\Users\admin\Desktop\CPE 582\PaperPreProcessing\NLP_TermPaper\15auths\bb\bb_19_6.txt
,C:\Users\admin\Desktop\CPE 582\PaperPreProcessing\NLP_TermPaper\15auths\bb\bb_stop_obfuscated.txt
c,C:\Users\admin\Desktop\CPE 582\PaperPreProcessing\NLP_TermPaper\15auths\c\c_01_1.txt
c,C:\Users\admin\Desktop\CPE 582\PaperPreProcessing\NLP_TermPaper\15auths\c\c_02_1.txt
c,C:\Users\admin\Desktop\CPE 582\PaperPreProcessing\NLP_TermPaper\15auths\c\c_03_1.txt
c,C:\Users\admin\Desktop\CPE 582\PaperPreProcessing\NLP_TermPaper\15auths\c\c_04_1.txt
c,C:\Users\admin\Desktop\CPE 582\PaperPreProcessing\NLP_TermPaper\15auths\c\c_05_1.txt
c,C:\Users\admin\Desktop\CPE 582\PaperPreProcessing\NLP_TermPaper\15auths\c\c_06_1.txt
c,C:\Users\admin\Desktop\CPE 582\PaperPreProcessing\NLP_TermPaper\15auths\c\c_07_1.txt
c,C:\Users\admin\Desktop\CPE 582\PaperPreProcessing\NLP_TermPaper\15auths\c\c_08_1.txt
c,C:\Users\admin\Desktop\CPE 582\PaperPreProcessing\NLP_TermPaper\15auths\c\c_09_1.txt
c,C:\Users\admin\Desktop\CPE 582\PaperPreProcessing\NLP_TermPaper\15auths\c\c_10_1.txt
c,C:\Users\admin\Desktop\CPE 582\PaperPreProcessing\NLP_TermPaper\15auths\c\c_11_1.txt
c,C:\Users\admin\Desktop\CPE 582\PaperPreProcessing\NLP_TermPaper\15auths\c\c_12_1_2.txt
c,C:\Users\admin\Desktop\CPE 582\PaperPreProcessing\NLP_TermPaper\15auths\c\c_13_2.txt
c,C:\Users\admin\Desktop\CPE 582\PaperPreProcessing\NLP_TermPaper\15auths\c\c_14_2.txt
c,C:\Users\admin\Desktop\CPE 582\PaperPreProcessing\NLP_TermPaper\15auths\c\c_15_2.txt
c,C:\Users\admin\Desktop\CPE 582\PaperPreProcessing\NLP_TermPaper\15auths\c\c_16_2.txt
c,C:\Users\admin\Desktop\CPE 582\PaperPreProcessing\NLP_TermPaper\15auths\c\c_17_2.txt
c,C:\Users\admin\Desktop\CPE 582\PaperPreProcessing\NLP_TermPaper\15auths\c\c_18_2.txt
,C:\Users\admin\Desktop\CPE 582\PaperPreProcessing\NLP_TermPaper\15auths\c\c_stop_obfuscated.txt
cc,C:\Users\admin\Desktop\CPE 582\PaperPreProcessing\NLP_TermPaper\15auths\cc\cc_01_1.txt
cc,C:\Users\admin\Desktop\CPE 582\PaperPreProcessing\NLP_TermPaper\15auths\cc\cc_02_1.txt
cc,C:\Users\admin\Desktop\CPE 582\PaperPreProcessing\NLP_TermPaper\15auths\cc\cc_03_1.txt
cc,C:\Users\admin\Desktop\CPE 582\PaperPreProcessing\NLP_TermPaper\15auths\cc\cc_04_1.txt
cc,C:\Users\admin\Desktop\CPE 582\PaperPreProcessing\NLP_TermPaper\15auths\cc\cc_05_1_2.txt
cc,C:\Users\admin\Desktop\CPE 582\PaperPreProcessing\NLP_TermPaper\15auths\cc\cc_06_2.txt
cc,C:\Users\admin\Desktop\CPE 582\PaperPreProcessing\NLP_TermPaper\15auths\cc\cc_07_2.txt
cc,C:\Users\admin\Desktop\CPE 582\PaperPreProcessing\NLP_TermPaper\15auths\cc\cc_08_2.txt
cc,C:\Users\admin\Desktop\CPE 582\PaperPreProcessing\NLP_TermPaper\15auths\cc\cc_09_2.txt
cc,C:\Users\admin\Desktop\CPE 582\PaperPreProcessing\NLP_TermPaper\15auths\cc\cc_10_2.txt
cc,C:\Users\admin\Desktop\CPE 582\PaperPreProcessing\NLP_TermPaper\15auths\cc\cc_11_2.txt
cc,C:\Users\admin\Desktop\CPE 582\PaperPreProcessing\NLP_TermPaper\15auths\cc\cc_12_2_3.txt
cc,C:\Users\admin\Desktop\CPE 582\PaperPreProcessing\NLP_TermPaper\15auths\cc\cc_13_3.txt
cc,C:\Users\admin\Desktop\CPE 582\PaperPreProcessing\NLP_TermPaper\15auths\cc\cc_14_3.txt
cc,C:\Users\admin\Desktop\CPE 582\PaperPreProcessing\NLP_TermPaper\15auths\cc\cc_15_3_4.txt
cc,C:\Users\admin\Desktop\CPE 582\PaperPreProcessing\NLP_TermPaper\15auths\cc\cc_16_4.txt
cc,C:\Users\admin\Desktop\CPE 582\PaperPreProcessing\NLP_TermPaper\15auths\cc\cc_17_4.txt
cc,C:\Users\admin\Desktop\CPE 582\PaperPreProcessing\NLP_TermPaper\15auths\cc\cc_18_4.txt
,C:\Users\admin\Desktop\CPE 582\PaperPreProcessing\NLP_TermPaper\15auths\cc\cc_stop_obfuscated.txt
d,C:\Users\admin\Desktop\CPE 582\PaperPreProcessing\NLP_TermPaper\15auths\d\d_01_1.txt
d,C:\Users\admin\Desktop\CPE 582\PaperPreProcessing\NLP_TermPaper\15auths\d\d_02_1.txt
d,C:\Users\admin\Desktop\CPE 582\PaperPreProcessing\NLP_TermPaper\15auths\d\d_03_1.txt
d,C:\Users\admin\Desktop\CPE 582\PaperPreProcessing\NLP_TermPaper\15auths\d\d_04_1_2.txt
d,C:\Users\admin\Desktop\CPE 582\PaperPreProcessing\NLP_TermPaper\15auths\d\d_05_2.txt
d,C:\Users\admin\Desktop\CPE 582\PaperPreProcessing\NLP_TermPaper\15auths\d\d_06_2.txt
d,C:\Users\admin\Desktop\CPE 582\PaperPreProcessing\NLP_TermPaper\15auths\d\d_07_2.txt
d,C:\Users\admin\Desktop\CPE 582\PaperPreProcessing\NLP_TermPaper\15auths\d\d_08_2_3.txt
d,C:\Users\admin\Desktop\CPE 582\PaperPreProcessing\NLP_TermPaper\15auths\d\d_09_3.txt
d,C:\Users\admin\Desktop\CPE 582\PaperPreProcessing\NLP_TermPaper\15auths\d\d_10_3.txt
d,C:\Users\admin\Desktop\CPE 582\PaperPreProcessing\NLP_TermPaper\15auths\d\d_11_3_4.txt
d,C:\Users\admin\Desktop\CPE 582\PaperPreProcessing\NLP_TermPaper\15auths\d\d_12_4.txt
d,C:\Users\admin\Desktop\CPE 582\PaperPreProcessing\NLP_TermPaper\15auths\d\d_13_4.txt
,C:\Users\admin\Desktop\CPE 582\PaperPreProcessing\NLP_TermPaper\15auths\d\d_stop_obfuscated.txt
dd,C:\Users\admin\Desktop\CPE 582\PaperPreProcessing\NLP_TermPaper\15auths\dd\dd_01_1.txt
dd,C:\Users\admin\Desktop\CPE 582\PaperPreProcessing\NLP_TermPaper\15auths\dd\dd_02_1.txt
dd,C:\Users\admin\Desktop\CPE 582\PaperPreProcessing\NLP_TermPaper\15auths\dd\dd_03_1.txt
dd,C:\Users\admin\Desktop\CPE 582\PaperPreProcessing\NLP_TermPaper\15auths\dd\dd_04_1.txt
dd,C:\Users\admin\Desktop\CPE 582\PaperPreProcessing\NLP_TermPaper\15auths\dd\dd_05_1_2.txt
dd,C:\Users\admin\Desktop\CPE 582\PaperPreProcessing\NLP_TermPaper\15auths\dd\dd_06_2.txt
dd,C:\Users\admin\Desktop\CPE 582\PaperPreProcessing\NLP_TermPaper\15auths\dd\dd_07_2_3.txt
dd,C:\Users\admin\Desktop\CPE 582\PaperPreProcessing\NLP_TermPaper\15auths\dd\dd_08_3_4.txt
dd,C:\Users\admin\Desktop\CPE 582\PaperPreProcessing\NLP_TermPaper\15auths\dd\dd_09_4.txt
dd,C:\Users\admin\Desktop\CPE 582\PaperPreProcessing\NLP_TermPaper\15auths\dd\dd_10_4_5.txt
dd,C:\Users\admin\Desktop\CPE 582\PaperPreProcessing\NLP_TermPaper\15auths\dd\dd_11_5_6.txt
dd,C:\Users\admin\Desktop\CPE 582\PaperPreProcessing\NLP_TermPaper\15auths\dd\dd_12_6.txt
dd,C:\Users\admin\Desktop\CPE 582\PaperPreProcessing\NLP_TermPaper\15auths\dd\dd_13_6.txt
dd,C:\Users\admin\Desktop\CPE 582\PaperPreProcessing\NLP_TermPaper\15auths\dd\dd_14_6.txt
,C:\Users\admin\Desktop\CPE 582\PaperPreProcessing\NLP_TermPaper\15auths\dd\dd_stop_obfuscated.txt
e,C:\Users\admin\Desktop\CPE 582\PaperPreProcessing\NLP_TermPaper\15auths\e\e_01_1.txt
e,C:\Users\admin\Desktop\CPE 582\PaperPreProcessing\NLP_TermPaper\15auths\e\e_02_1.txt
e,C:\Users\admin\Desktop\CPE 582\PaperPreProcessing\NLP_TermPaper\15auths\e\e_03_1_2.txt
e,C:\Users\admin\Desktop\CPE 582\PaperPreProcessing\NLP_TermPaper\15auths\e\e_04_2.txt
e,C:\Users\admin\Desktop\CPE 582\PaperPreProcessing\NLP_TermPaper\15auths\e\e_05_2.txt
e,C:\Users\admin\Desktop\CPE 582\PaperPreProcessing\NLP_TermPaper\15auths\e\e_06_2.txt
e,C:\Users\admin\Desktop\CPE 582\PaperPreProcessing\NLP_TermPaper\15auths\e\e_07_2.txt
e,C:\Users\admin\Desktop\CPE 582\PaperPreProcessing\NLP_TermPaper\15auths\e\e_08_2_3.txt
e,C:\Users\admin\Desktop\CPE 582\PaperPreProcessing\NLP_TermPaper\15auths\e\e_09_3.txt
e,C:\Users\admin\Desktop\CPE 582\PaperPreProcessing\NLP_TermPaper\15auths\e\e_10_3.txt
e,C:\Users\admin\Desktop\CPE 582\PaperPreProcessing\NLP_TermPaper\15auths\e\e_11_3.txt
e,C:\Users\admin\Desktop\CPE 582\PaperPreProcessing\NLP_TermPaper\15auths\e\e_12_3.txt
e,C:\Users\admin\Desktop\CPE 582\PaperPreProcessing\NLP_TermPaper\15auths\e\e_13_3_4.txt
e,C:\Users\admin\Desktop\CPE 582\PaperPreProcessing\NLP_TermPaper\15auths\e\e_14_4.txt
e,C:\Users\admin\Desktop\CPE 582\PaperPreProcessing\NLP_TermPaper\15auths\e\e_15_4.txt
e,C:\Users\admin\Desktop\CPE 582\PaperPreProcessing\NLP_TermPaper\15auths\e\e_16_4.txt
,C:\Users\admin\Desktop\CPE 582\PaperPreProcessing\NLP_TermPaper\15auths\e\e_stop_obfuscated.txt
f,C:\Users\admin\Desktop\CPE 582\PaperPreProcessing\NLP_TermPaper\15auths\f\f_01_1.txt
f,C:\Users\admin\Desktop\CPE 582\PaperPreProcessing\NLP_TermPaper\15auths\f\f_02_1.txt
f,C:\Users\admin\Desktop\CPE 582\PaperPreProcessing\NLP_TermPaper\15auths\f\f_03_1_2.txt
f,C:\Users\admin\Desktop\CPE 582\PaperPreProcessing\NLP_TermPaper\15auths\f\f_04_2.txt
f,C:\Users\admin\Desktop\CPE 582\PaperPreProcessing\NLP_TermPaper\15auths\f\f_05_2.txt
f,C:\Users\admin\Desktop\CPE 582\PaperPreProcessing\NLP_TermPaper\15auths\f\f_06_2.txt
f,C:\Users\admin\Desktop\CPE 582\PaperPreProcessing\NLP_TermPaper\15auths\f\f_07_2.txt
f,C:\Users\admin\Desktop\CPE 582\PaperPreProcessing\NLP_TermPaper\15auths\f\f_08_2.txt
f,C:\Users\admin\Desktop\CPE 582\PaperPreProcessing\NLP_TermPaper\15auths\f\f_09_2.txt
f,C:\Users\admin\Desktop\CPE 582\PaperPreProcessing\NLP_TermPaper\15auths\f\f_10_2_3.txt
f,C:\Users\admin\Desktop\CPE 582\PaperPreProcessing\NLP_TermPaper\15auths\f\f_11_3.txt
f,C:\Users\admin\Desktop\CPE 582\PaperPreProcessing\NLP_TermPaper\15auths\f\f_12_3.txt
f,C:\Users\admin\Desktop\CPE 582\PaperPreProcessing\NLP_TermPaper\15auths\f\f_13_3.txt
f,C:\Users\admin\Desktop\CPE 582\PaperPreProcessing\NLP_TermPaper\15auths\f\f_14_3.txt
f,C:\Users\admin\Desktop\CPE 582\PaperPreProcessing\NLP_TermPaper\15auths\f\f_15_3.txt
f,C:\Users\admin\Desktop\CPE 582\PaperPreProcessing\NLP_TermPaper\15auths\f\f_16_3.txt
f,C:\Users\admin\Desktop\CPE 582\PaperPreProcessing\NLP_TermPaper\15auths\f\f_17_3.txt
,C:\Users\admin\Desktop\CPE 582\PaperPreProcessing\NLP_TermPaper\15auths\f\f_stop_obfuscated.txt
ff,C:\Users\admin\Desktop\CPE 582\PaperPreProcessing\NLP_TermPaper\15auths\ff\ff_01_1.txt
ff,C:\Users\admin\Desktop\CPE 582\PaperPreProcessing\NLP_TermPaper\15auths\ff\ff_02_1.txt
ff,C:\Users\admin\Desktop\CPE 582\PaperPreProcessing\NLP_TermPaper\15auths\ff\ff_03_1.txt
ff,C:\Users\admin\Desktop\CPE 582\PaperPreProcessing\NLP_TermPaper\15auths\ff\ff_04_1.txt
ff,C:\Users\admin\Desktop\CPE 582\PaperPreProcessing\NLP_TermPaper\15auths\ff\ff_05_1.txt
ff,C:\Users\admin\Desktop\CPE 582\PaperPreProcessing\NLP_TermPaper\15auths\ff\ff_06_1.txt
ff,C:\Users\admin\Desktop\CPE 582\PaperPreProcessing\NLP_TermPaper\15auths\ff\ff_07_1_2.txt
ff,C:\Users\admin\Desktop\CPE 582\PaperPreProcessing\NLP_TermPaper\15auths\ff\ff_08_2.txt
ff,C:\Users\admin\Desktop\CPE 582\PaperPreProcessing\NLP_TermPaper\15auths\ff\ff_09_2.txt
ff,C:\Users\admin\Desktop\CPE 582\PaperPreProcessing\NLP_TermPaper\15auths\ff\ff_10_2.txt
ff,C:\Users\admin\Desktop\CPE 582\PaperPreProcessing\NLP_TermPaper\15auths\ff\ff_11_2.txt
ff,C:\Users\admin\Desktop\CPE 582\PaperPreProcessing\NLP_TermPaper\15auths\ff\ff_12_2.txt
ff,C:\Users\admin\Desktop\CPE 582\PaperPreProcessing\NLP_TermPaper\15auths\ff\ff_13_2.txt
ff,C:\Users\admin\Desktop\CPE 582\PaperPreProcessing\NLP_TermPaper\15auths\ff\ff_14_2.txt
,C:\Users\admin\Desktop\CPE 582\PaperPreProcessing\NLP_TermPaper\15auths\ff\ff_stop_obfuscated.txt
g,C:\Users\admin\Desktop\CPE 582\PaperPreProcessing\NLP_TermPaper\15auths\g\g_01_1.txt
g,C:\Users\admin\Desktop\CPE 582\PaperPreProcessing\NLP_TermPaper\15auths\g\g_02_1.txt
g,C:\Users\admin\Desktop\CPE 582\PaperPreProcessing\NLP_TermPaper\15auths\g\g_03_1.txt
g,C:\Users\admin\Desktop\CPE 582\PaperPreProcessing\NLP_TermPaper\15auths\g\g_04_1.txt
g,C:\Users\admin\Desktop\CPE 582\PaperPreProcessing\NLP_TermPaper\15auths\g\g_05_1.txt
g,C:\Users\admin\Desktop\CPE 582\PaperPreProcessing\NLP_TermPaper\15auths\g\g_06_1.txt
g,C:\Users\admin\Desktop\CPE 582\PaperPreProcessing\NLP_TermPaper\15auths\g\g_07_1.txt
g,C:\Users\admin\Desktop\CPE 582\PaperPreProcessing\NLP_TermPaper\15auths\g\g_08_1.txt
g,C:\Users\admin\Desktop\CPE 582\PaperPreProcessing\NLP_TermPaper\15auths\g\g_09_1.txt
g,C:\Users\admin\Desktop\CPE 582\PaperPreProcessing\NLP_TermPaper\15auths\g\g_10_1.txt
g,C:\Users\admin\Desktop\CPE 582\PaperPreProcessing\NLP_TermPaper\15auths\g\g_11_1.txt
g,C:\Users\admin\Desktop\CPE 582\PaperPreProcessing\NLP_TermPaper\15auths\g\g_12_1.txt
g,C:\Users\admin\Desktop\CPE 582\PaperPreProcessing\NLP_TermPaper\15auths\g\g_13_1.txt
g,C:\Users\admin\Desktop\CPE 582\PaperPreProcessing\NLP_TermPaper\15auths\g\g_14_1.txt
g,C:\Users\admin\Desktop\CPE 582\PaperPreProcessing\NLP_TermPaper\15auths\g\g_15_1.txt
g,C:\Users\admin\Desktop\CPE 582\PaperPreProcessing\NLP_TermPaper\15auths\g\g_16_1.txt
,C:\Users\admin\Desktop\CPE 582\PaperPreProcessing\NLP_TermPaper\15auths\g\g_stop_obfuscated.txt
gg,C:\Users\admin\Desktop\CPE 582\PaperPreProcessing\NLP_TermPaper\15auths\gg\gg_01_1.txt
gg,C:\Users\admin\Desktop\CPE 582\PaperPreProcessing\NLP_TermPaper\15auths\gg\gg_02_1.txt
gg,C:\Users\admin\Desktop\CPE 582\PaperPreProcessing\NLP_TermPaper\15auths\gg\gg_03_1.txt
gg,C:\Users\admin\Desktop\CPE 582\PaperPreProcessing\NLP_TermPaper\15auths\gg\gg_04_1_2.txt
gg,C:\Users\admin\Desktop\CPE 582\PaperPreProcessing\NLP_TermPaper\15auths\gg\gg_05_2.txt
gg,C:\Users\admin\Desktop\CPE 582\PaperPreProcessing\NLP_TermPaper\15auths\gg\gg_06_2.txt
gg,C:\Users\admin\Desktop\CPE 582\PaperPreProcessing\NLP_TermPaper\15auths\gg\gg_07_2.txt
gg,C:\Users\admin\Desktop\CPE 582\PaperPreProcessing\NLP_TermPaper\15auths\gg\gg_08_2.txt
gg,C:\Users\admin\Desktop\CPE 582\PaperPreProcessing\NLP_TermPaper\15auths\gg\gg_09_2_3.txt
gg,C:\Users\admin\Desktop\CPE 582\PaperPreProcessing\NLP_TermPaper\15auths\gg\gg_10_3_4.txt
gg,C:\Users\admin\Desktop\CPE 582\PaperPreProcessing\NLP_TermPaper\15auths\gg\gg_11_4_5.txt
gg,C:\Users\admin\Desktop\CPE 582\PaperPreProcessing\NLP_TermPaper\15auths\gg\gg_12_5_6.txt
gg,C:\Users\admin\Desktop\CPE 582\PaperPreProcessing\NLP_TermPaper\15auths\gg\gg_13_6.txt
gg,C:\Users\admin\Desktop\CPE 582\PaperPreProcessing\NLP_TermPaper\15auths\gg\gg_14_6.txt
,C:\Users\admin\Desktop\CPE 582\PaperPreProcessing\NLP_TermPaper\15auths\gg\gg_stop_obfuscated.txt
h,C:\Users\admin\Desktop\CPE 582\PaperPreProcessing\NLP_TermPaper\15auths\h\h_01_1.txt
h,C:\Users\admin\Desktop\CPE 582\PaperPreProcessing\NLP_TermPaper\15auths\h\h_02_1.txt
h,C:\Users\admin\Desktop\CPE 582\PaperPreProcessing\NLP_TermPaper\15auths\h\h_03_1.txt
h,C:\Users\admin\Desktop\CPE 582\PaperPreProcessing\NLP_TermPaper\15auths\h\h_04_1.txt
h,C:\Users\admin\Desktop\CPE 582\PaperPreProcessing\NLP_TermPaper\15auths\h\h_05_1.txt
h,C:\Users\admin\Desktop\CPE 582\PaperPreProcessing\NLP_TermPaper\15auths\h\h_06_1.txt
h,C:\Users\admin\Desktop\CPE 582\PaperPreProcessing\NLP_TermPaper\15auths\h\h_07_1.txt
h,C:\Users\admin\Desktop\CPE 582\PaperPreProcessing\NLP_TermPaper\15auths\h\h_08_1_2.txt
h,C:\Users\admin\Desktop\CPE 582\PaperPreProcessing\NLP_TermPaper\15auths\h\h_09_2.txt
h,C:\Users\admin\Desktop\CPE 582\PaperPreProcessing\NLP_TermPaper\15auths\h\h_10_2.txt
h,C:\Users\admin\Desktop\CPE 582\PaperPreProcessing\NLP_TermPaper\15auths\h\h_11_2.txt
h,C:\Users\admin\Desktop\CPE 582\PaperPreProcessing\NLP_TermPaper\15auths\h\h_12_2.txt
h,C:\Users\admin\Desktop\CPE 582\PaperPreProcessing\NLP_TermPaper\15auths\h\h_13_2.txt
h,C:\Users\admin\Desktop\CPE 582\PaperPreProcessing\NLP_TermPaper\15auths\h\h_14_2.txt
h,C:\Users\admin\Desktop\CPE 582\PaperPreProcessing\NLP_TermPaper\15auths\h\h_15_2.txt
h,C:\Users\admin\Desktop\CPE 582\PaperPreProcessing\NLP_TermPaper\15auths\h\h_16_2.txt
h,C:\Users\admin\Desktop\CPE 582\PaperPreProcessing\NLP_TermPaper\15auths\h\h_17_2.txt
h,C:\Users\admin\Desktop\CPE 582\PaperPreProcessing\NLP_TermPaper\15auths\h\h_18_2.txt
,C:\Users\admin\Desktop\CPE 582\PaperPreProcessing\NLP_TermPaper\15auths\h\h_stop_obfuscated.txt
hh,C:\Users\admin\Desktop\CPE 582\PaperPreProcessing\NLP_TermPaper\15auths\hh\hh_01_1.txt
hh,C:\Users\admin\Desktop\CPE 582\PaperPreProcessing\NLP_TermPaper\15auths\hh\hh_02_1_2.txt
hh,C:\Users\admin\Desktop\CPE 582\PaperPreProcessing\NLP_TermPaper\15auths\hh\hh_03_2.txt
hh,C:\Users\admin\Desktop\CPE 582\PaperPreProcessing\NLP_TermPaper\15auths\hh\hh_04_2.txt
hh,C:\Users\admin\Desktop\CPE 582\PaperPreProcessing\NLP_TermPaper\15auths\hh\hh_05_2.txt
hh,C:\Users\admin\Desktop\CPE 582\PaperPreProcessing\NLP_TermPaper\15auths\hh\hh_06_2.txt
hh,C:\Users\admin\Desktop\CPE 582\PaperPreProcessing\NLP_TermPaper\15auths\hh\hh_07_2_3.txt
hh,C:\Users\admin\Desktop\CPE 582\PaperPreProcessing\NLP_TermPaper\15auths\hh\hh_08_3.txt
hh,C:\Users\admin\Desktop\CPE 582\PaperPreProcessing\NLP_TermPaper\15auths\hh\hh_09_3_4.txt
hh,C:\Users\admin\Desktop\CPE 582\PaperPreProcessing\NLP_TermPaper\15auths\hh\hh_10_4.txt
hh,C:\Users\admin\Desktop\CPE 582\PaperPreProcessing\NLP_TermPaper\15auths\hh\hh_11_4_5.txt
hh,C:\Users\admin\Desktop\CPE 582\PaperPreProcessing\NLP_TermPaper\15auths\hh\hh_12_5.txt
hh,C:\Users\admin\Desktop\CPE 582\PaperPreProcessing\NLP_TermPaper\15auths\hh\hh_13_5.txt
hh,C:\Users\admin\Desktop\CPE 582\PaperPreProcessing\NLP_TermPaper\15auths\hh\hh_14_5.txt
hh,C:\Users\admin\Desktop\CPE 582\PaperPreProcessing\NLP_TermPaper\15auths\hh\hh_15_5_6.txt
hh,C:\Users\admin\Desktop\CPE 582\PaperPreProcessing\NLP_TermPaper\15auths\hh\hh_16_6.txt
hh,C:\Users\admin\Desktop\CPE 582\PaperPreProcessing\NLP_TermPaper\15auths\hh\hh_17_6.txt
hh,C:\Users\admin\Desktop\CPE 582\PaperPreProcessing\NLP_TermPaper\15auths\hh\hh_18_6.txt
hh,C:\Users\admin\Desktop\CPE 582\PaperPreProcessing\NLP_TermPaper\15auths\hh\hh_19_6.txt
hh,C:\Users\admin\Desktop\CPE 582\PaperPreProcessing\NLP_TermPaper\15auths\hh\hh_20_6.txt
,C:\Users\admin\Desktop\CPE 582\PaperPreProcessing\NLP_TermPaper\15auths\hh\hh_stop_obfuscated.txt
i,C:\Users\admin\Desktop\CPE 582\PaperPreProcessing\NLP_TermPaper\15auths\i\i_01_1.txt
i,C:\Users\admin\Desktop\CPE 582\PaperPreProcessing\NLP_TermPaper\15auths\i\i_02_1_2.txt
i,C:\Users\admin\Desktop\CPE 582\PaperPreProcessing\NLP_TermPaper\15auths\i\i_03_2.txt
i,C:\Users\admin\Desktop\CPE 582\PaperPreProcessing\NLP_TermPaper\15auths\i\i_04_2_3.txt
i,C:\Users\admin\Desktop\CPE 582\PaperPreProcessing\NLP_TermPaper\15auths\i\i_05_3.txt
i,C:\Users\admin\Desktop\CPE 582\PaperPreProcessing\NLP_TermPaper\15auths\i\i_06_3.txt
i,C:\Users\admin\Desktop\CPE 582\PaperPreProcessing\NLP_TermPaper\15auths\i\i_07_3.txt
i,C:\Users\admin\Desktop\CPE 582\PaperPreProcessing\NLP_TermPaper\15auths\i\i_08_3.txt
i,C:\Users\admin\Desktop\CPE 582\PaperPreProcessing\NLP_TermPaper\15auths\i\i_09_3_4.txt
i,C:\Users\admin\Desktop\CPE 582\PaperPreProcessing\NLP_TermPaper\15auths\i\i_10_4.txt
i,C:\Users\admin\Desktop\CPE 582\PaperPreProcessing\NLP_TermPaper\15auths\i\i_11_4.txt
i,C:\Users\admin\Desktop\CPE 582\PaperPreProcessing\NLP_TermPaper\15auths\i\i_12_4_5.txt
i,C:\Users\admin\Desktop\CPE 582\PaperPreProcessing\NLP_TermPaper\15auths\i\i_13_5_6.txt
i,C:\Users\admin\Desktop\CPE 582\PaperPreProcessing\NLP_TermPaper\15auths\i\i_14_6.txt
,C:\Users\admin\Desktop\CPE 582\PaperPreProcessing\NLP_TermPaper\15auths\i\i_stop_obfuscated.txt
